No.Surat,NISN,No.Peserta,Nama,Tempat Lahir,Tanggal Lahir,Jurusan,Status,Foto
MAS-2023-01,2023001,2033-01-001,Nama 1,Padang,10 Januari 2001,IPA,L,sisw1.jpg
MAS-2023-02,2023002,2033-01-002,Nama 2,Padang,11 Januari 2001,IPS,P,sisw1.jpg
MAS-2023-03,2023003,2033-01-003,Nama 3,Padang,12 Januari 2001,IPK,TL,sisw1.jpg
MAS-2023-04,2023004,2033-01-004,Nama 4,Padang,13 Januari 2001,IPA,L,sisw1.jpg
MAS-2023-05,2023005,2033-01-005,Nama 5,Padang,14 Januari 2001,IPS,P,sisw1.jpg
MAS-2023-06,2023006,2033-01-006,Nama 6,Padang,15 Januari 2001,IPK,TL,sisw1.jpg
MAS-2023-07,2023007,2033-01-007,Nama 7,Padang,16 Januari 2001,IPA,L,sisw1.jpg
MAS-2023-08,2023008,2033-01-008,Nama 8,Padang,17 Januari 2001,IPS,P,sisw1.jpg
MAS-2023-09,2023009,2033-01-009,Nama 9,Padang,18 Januari 2001,IPK,TL,sisw1.jpg
MAS-2023-10,2023010,2033-01-010,Nama 10,Padang,19 Januari 2001,IPA,L,sisw1.jpg
MAS-2023-11,2023011,2033-01-011,Nama 11,Padang,20 Januari 2001,IPS,P,sisw1.jpg
MAS-2023-12,2023012,2033-01-012,Nama 12,Padang,21 Januari 2001,IPK,TL,sisw1.jpg
MAS-2023-13,2023013,2033-01-013,Nama 13,Padang,22 Januari 2001,IPA,L,sisw1.jpg
MAS-2023-14,2023014,2033-01-014,Nama 14,Padang,23 Januari 2001,IPS,P,sisw1.jpg
MAS-2023-15,2023015,2033-01-015,Nama 15,Padang,24 Januari 2001,IPK,TL,sisw1.jpg
MAS-2023-16,2023016,2033-01-016,Nama 16,Padang,25 Januari 2001,IPA,L,sisw1.jpg
MAS-2023-17,2023017,2033-01-017,Nama 17,Padang,26 Januari 2001,IPS,P,sisw1.jpg
MAS-2023-18,2023018,2033-01-018,Nama 18,Padang,27 Januari 2001,IPK,TL,sisw1.jpg
MAS-2023-19,2023019,2033-01-019,Nama 19,Padang,28 Januari 2001,IPA,L,sisw1.jpg
MAS-2023-20,2023020,2033-01-020,Nama 20,Padang,29 Januari 2001,IPS,P,sisw1.jpg
MAS-2023-21,2023021,2033-01-021,Nama 21,Padang,30 Januari 2001,IPK,TL,sisw1.jpg
MAS-2023-22,2023022,2033-01-022,Nama 22,Padang,31 Januari 2001,IPA,L,sisw1.jpg
MAS-2023-23,2023023,2033-01-023,Nama 23,Padang,32 Januari 2001,IPS,P,sisw1.jpg
MAS-2023-24,2023024,2033-01-024,Nama 24,Padang,33 Januari 2001,IPK,TL,sisw1.jpg
MAS-2023-25,2023025,2033-01-025,Nama 25,Padang,34 Januari 2001,IPA,L,sisw1.jpg
MAS-2023-26,2023026,2033-01-026,Nama 26,Padang,35 Januari 2001,IPS,P,sisw1.jpg
MAS-2023-27,2023027,2033-01-027,Nama 27,Padang,36 Januari 2001,IPK,TL,sisw1.jpg
MAS-2023-28,2023028,2033-01-028,Nama 28,Padang,37 Januari 2001,IPA,L,sisw1.jpg
MAS-2023-29,2023029,2033-01-029,Nama 29,Padang,38 Januari 2001,IPS,P,sisw1.jpg
MAS-2023-30,2023030,2033-01-030,Nama 30,Padang,39 Januari 2001,IPK,TL,sisw1.jpg
MAS-2023-31,2023031,2033-01-031,Nama 31,Padang,40 Januari 2001,IPA,L,sisw1.jpg
MAS-2023-32,2023032,2033-01-032,Nama 32,Padang,41 Januari 2001,IPS,P,sisw1.jpg
MAS-2023-33,2023033,2033-01-033,Nama 33,Padang,42 Januari 2001,IPK,TL,sisw1.jpg
MAS-2023-34,2023034,2033-01-034,Nama 34,Padang,43 Januari 2001,IPA,L,sisw1.jpg
MAS-2023-35,2023035,2033-01-035,Nama 35,Padang,44 Januari 2001,IPS,P,sisw1.jpg
MAS-2023-36,2023036,2033-01-036,Nama 36,Padang,45 Januari 2001,IPK,TL,sisw1.jpg
MAS-2023-37,2023037,2033-01-037,Nama 37,Padang,46 Januari 2001,IPA,L,sisw1.jpg
MAS-2023-38,2023038,2033-01-038,Nama 38,Padang,47 Januari 2001,IPS,P,sisw1.jpg
MAS-2023-39,2023039,2033-01-039,Nama 39,Padang,48 Januari 2001,IPK,TL,sisw1.jpg
MAS-2023-40,2023040,2033-01-040,Nama 40,Padang,49 Januari 2001,IPA,L,sisw1.jpg
MAS-2023-41,2023041,2033-01-041,Nama 41,Padang,50 Januari 2001,IPS,P,sisw1.jpg
MAS-2023-42,2023042,2033-01-042,Nama 42,Padang,51 Januari 2001,IPK,TL,sisw1.jpg
MAS-2023-43,2023043,2033-01-043,Nama 43,Padang,52 Januari 2001,IPA,L,sisw1.jpg
MAS-2023-44,2023044,2033-01-044,Nama 44,Padang,53 Januari 2001,IPS,P,sisw1.jpg
MAS-2023-45,2023045,2033-01-045,Nama 45,Padang,54 Januari 2001,IPK,TL,sisw1.jpg
MAS-2023-46,2023046,2033-01-046,Nama 46,Padang,55 Januari 2001,IPA,L,sisw1.jpg
MAS-2023-47,2023047,2033-01-047,Nama 47,Padang,56 Januari 2001,IPS,P,sisw1.jpg
MAS-2023-48,2023048,2033-01-048,Nama 48,Padang,57 Januari 2001,IPK,TL,sisw1.jpg
MAS-2023-49,2023049,2033-01-049,Nama 49,Padang,58 Januari 2001,IPA,L,sisw1.jpg
MAS-2023-50,2023050,2033-01-050,Nama 50,Padang,59 Januari 2001,IPS,P,sisw1.jpg
MAS-2023-51,2023051,2033-01-051,Nama 51,Padang,60 Januari 2001,IPK,TL,sisw1.jpg
MAS-2023-52,2023052,2033-01-052,Nama 52,Padang,61 Januari 2001,IPA,L,sisw1.jpg
MAS-2023-53,2023053,2033-01-053,Nama 53,Padang,62 Januari 2001,IPS,P,sisw1.jpg
MAS-2023-54,2023054,2033-01-054,Nama 54,Padang,63 Januari 2001,IPK,TL,sisw1.jpg
MAS-2023-55,2023055,2033-01-055,Nama 55,Padang,64 Januari 2001,IPA,L,sisw1.jpg
MAS-2023-56,2023056,2033-01-056,Nama 56,Padang,65 Januari 2001,IPS,P,sisw1.jpg
MAS-2023-57,2023057,2033-01-057,Nama 57,Padang,66 Januari 2001,IPK,TL,sisw1.jpg
MAS-2023-58,2023058,2033-01-058,Nama 58,Padang,67 Januari 2001,IPA,L,sisw1.jpg
MAS-2023-59,2023059,2033-01-059,Nama 59,Padang,68 Januari 2001,IPS,P,sisw1.jpg
MAS-2023-60,2023060,2033-01-060,Nama 60,Padang,69 Januari 2001,IPK,TL,sisw1.jpg
MAS-2023-61,2023061,2033-01-061,Nama 61,Padang,70 Januari 2001,IPA,L,sisw1.jpg
MAS-2023-62,2023062,2033-01-062,Nama 62,Padang,71 Januari 2001,IPS,P,sisw1.jpg
MAS-2023-63,2023063,2033-01-063,Nama 63,Padang,72 Januari 2001,IPK,TL,sisw1.jpg
MAS-2023-64,2023064,2033-01-064,Nama 64,Padang,73 Januari 2001,IPA,L,sisw1.jpg
MAS-2023-65,2023065,2033-01-065,Nama 65,Padang,74 Januari 2001,IPS,P,sisw1.jpg
MAS-2023-66,2023066,2033-01-066,Nama 66,Padang,75 Januari 2001,IPK,TL,sisw1.jpg
MAS-2023-67,2023067,2033-01-067,Nama 67,Padang,76 Januari 2001,IPA,L,sisw1.jpg
MAS-2023-68,2023068,2033-01-068,Nama 68,Padang,77 Januari 2001,IPS,P,sisw1.jpg
MAS-2023-69,2023069,2033-01-069,Nama 69,Padang,78 Januari 2001,IPK,TL,sisw1.jpg
MAS-2023-70,2023070,2033-01-070,Nama 70,Padang,79 Januari 2001,IPA,L,sisw1.jpg
MAS-2023-71,2023071,2033-01-071,Nama 71,Padang,80 Januari 2001,IPS,P,sisw1.jpg
MAS-2023-72,2023072,2033-01-072,Nama 72,Padang,81 Januari 2001,IPK,TL,sisw1.jpg
MAS-2023-73,2023073,2033-01-073,Nama 73,Padang,82 Januari 2001,IPA,L,sisw1.jpg
MAS-2023-74,2023074,2033-01-074,Nama 74,Padang,83 Januari 2001,IPS,P,sisw1.jpg
MAS-2023-75,2023075,2033-01-075,Nama 75,Padang,84 Januari 2001,IPK,TL,sisw1.jpg
MAS-2023-76,2023076,2033-01-076,Nama 76,Padang,85 Januari 2001,IPA,L,sisw1.jpg
MAS-2023-77,2023077,2033-01-077,Nama 77,Padang,86 Januari 2001,IPS,P,sisw1.jpg
MAS-2023-78,2023078,2033-01-078,Nama 78,Padang,87 Januari 2001,IPK,TL,sisw1.jpg
MAS-2023-79,2023079,2033-01-079,Nama 79,Padang,88 Januari 2001,IPA,L,sisw1.jpg
MAS-2023-80,2023080,2033-01-080,Nama 80,Padang,89 Januari 2001,IPS,P,sisw1.jpg
MAS-2023-81,2023081,2033-01-081,Nama 81,Padang,90 Januari 2001,IPK,TL,sisw1.jpg
MAS-2023-82,2023082,2033-01-082,Nama 82,Padang,91 Januari 2001,IPA,L,sisw1.jpg
MAS-2023-83,2023083,2033-01-083,Nama 83,Padang,92 Januari 2001,IPS,P,sisw1.jpg
MAS-2023-84,2023084,2033-01-084,Nama 84,Padang,93 Januari 2001,IPK,TL,sisw1.jpg
MAS-2023-85,2023085,2033-01-085,Nama 85,Padang,94 Januari 2001,IPA,L,sisw1.jpg
MAS-2023-86,2023086,2033-01-086,Nama 86,Padang,95 Januari 2001,IPS,P,sisw1.jpg
MAS-2023-87,2023087,2033-01-087,Nama 87,Padang,96 Januari 2001,IPK,TL,sisw1.jpg
MAS-2023-88,2023088,2033-01-088,Nama 88,Padang,97 Januari 2001,IPA,L,sisw1.jpg
MAS-2023-89,2023089,2033-01-089,Nama 89,Padang,98 Januari 2001,IPS,P,sisw1.jpg
MAS-2023-90,2023090,2033-01-090,Nama 90,Padang,99 Januari 2001,IPK,TL,sisw1.jpg
MAS-2023-91,2023091,2033-01-091,Nama 91,Padang,100 Januari 2001,IPA,L,sisw1.jpg
MAS-2023-92,2023092,2033-01-092,Nama 92,Padang,101 Januari 2001,IPS,P,sisw1.jpg
MAS-2023-93,2023093,2033-01-093,Nama 93,Padang,102 Januari 2001,IPK,TL,sisw1.jpg
MAS-2023-94,2023094,2033-01-094,Nama 94,Padang,103 Januari 2001,IPA,L,sisw1.jpg
MAS-2023-95,2023095,2033-01-095,Nama 95,Padang,104 Januari 2001,IPS,P,sisw1.jpg
MAS-2023-96,2023096,2033-01-096,Nama 96,Padang,105 Januari 2001,IPK,TL,sisw1.jpg
MAS-2023-97,2023097,2033-01-097,Nama 97,Padang,106 Januari 2001,IPA,L,sisw1.jpg
MAS-2023-98,2023098,2033-01-098,Nama 98,Padang,107 Januari 2001,IPS,P,sisw1.jpg
MAS-2023-99,2023099,2033-01-099,Nama 99,Padang,108 Januari 2001,IPK,TL,sisw1.jpg
MAS-2023-100,2023100,2033-01-100,Nama 100,Padang,109 Januari 2001,IPA,L,sisw1.jpg
MAS-2023-101,2023101,2033-01-101,Nama 101,Padang,110 Januari 2001,IPS,P,sisw1.jpg
MAS-2023-102,2023102,2033-01-102,Nama 102,Padang,111 Januari 2001,IPK,TL,sisw1.jpg
MAS-2023-103,2023103,2033-01-103,Nama 103,Padang,112 Januari 2001,IPA,L,sisw1.jpg
MAS-2023-104,2023104,2033-01-104,Nama 104,Padang,113 Januari 2001,IPS,P,sisw1.jpg
MAS-2023-105,2023105,2033-01-105,Nama 105,Padang,114 Januari 2001,IPK,TL,sisw1.jpg
MAS-2023-106,2023106,2033-01-106,Nama 106,Padang,115 Januari 2001,IPA,L,sisw1.jpg
MAS-2023-107,2023107,2033-01-107,Nama 107,Padang,116 Januari 2001,IPS,P,sisw1.jpg
MAS-2023-108,2023108,2033-01-108,Nama 108,Padang,117 Januari 2001,IPK,TL,sisw1.jpg
MAS-2023-109,2023109,2033-01-109,Nama 109,Padang,118 Januari 2001,IPA,L,sisw1.jpg
MAS-2023-110,2023110,2033-01-110,Nama 110,Padang,119 Januari 2001,IPS,P,sisw1.jpg
MAS-2023-111,2023111,2033-01-111,Nama 111,Padang,120 Januari 2001,IPK,TL,sisw1.jpg
MAS-2023-112,2023112,2033-01-112,Nama 112,Padang,121 Januari 2001,IPA,L,sisw1.jpg
MAS-2023-113,2023113,2033-01-113,Nama 113,Padang,122 Januari 2001,IPS,P,sisw1.jpg
MAS-2023-114,2023114,2033-01-114,Nama 114,Padang,123 Januari 2001,IPK,TL,sisw1.jpg
MAS-2023-115,2023115,2033-01-115,Nama 115,Padang,124 Januari 2001,IPA,L,sisw1.jpg
MAS-2023-116,2023116,2033-01-116,Nama 116,Padang,125 Januari 2001,IPS,P,sisw1.jpg
MAS-2023-117,2023117,2033-01-117,Nama 117,Padang,126 Januari 2001,IPK,TL,sisw1.jpg
MAS-2023-118,2023118,2033-01-118,Nama 118,Padang,127 Januari 2001,IPA,L,sisw1.jpg
MAS-2023-119,2023119,2033-01-119,Nama 119,Padang,128 Januari 2001,IPS,P,sisw1.jpg
MAS-2023-120,2023120,2033-01-120,Nama 120,Padang,129 Januari 2001,IPK,TL,sisw1.jpg
MAS-2023-121,2023121,2033-01-121,Nama 121,Padang,130 Januari 2001,IPA,L,sisw1.jpg
MAS-2023-122,2023122,2033-01-122,Nama 122,Padang,131 Januari 2001,IPS,P,sisw1.jpg
MAS-2023-123,2023123,2033-01-123,Nama 123,Padang,132 Januari 2001,IPK,TL,sisw1.jpg
MAS-2023-124,2023124,2033-01-124,Nama 124,Padang,133 Januari 2001,IPA,L,sisw1.jpg
MAS-2023-125,2023125,2033-01-125,Nama 125,Padang,134 Januari 2001,IPS,P,sisw1.jpg
MAS-2023-126,2023126,2033-01-126,Nama 126,Padang,135 Januari 2001,IPK,TL,sisw1.jpg
MAS-2023-127,2023127,2033-01-127,Nama 127,Padang,136 Januari 2001,IPA,L,sisw1.jpg
MAS-2023-128,2023128,2033-01-128,Nama 128,Padang,137 Januari 2001,IPS,P,sisw1.jpg
MAS-2023-129,2023129,2033-01-129,Nama 129,Padang,138 Januari 2001,IPK,TL,sisw1.jpg
MAS-2023-130,2023130,2033-01-130,Nama 130,Padang,139 Januari 2001,IPA,L,sisw1.jpg
MAS-2023-131,2023131,2033-01-131,Nama 131,Padang,140 Januari 2001,IPS,P,sisw1.jpg
MAS-2023-132,2023132,2033-01-132,Nama 132,Padang,141 Januari 2001,IPK,TL,sisw1.jpg
MAS-2023-133,2023133,2033-01-133,Nama 133,Padang,142 Januari 2001,IPA,L,sisw1.jpg
MAS-2023-134,2023134,2033-01-134,Nama 134,Padang,143 Januari 2001,IPS,P,sisw1.jpg
